<?xml version="1.0" ?>

<container xmlns="http://symfony.com/schema/dic/services"
           xmlns:xsi="http://www.w3.org/2001/XMLSchema-instance"
           xsi:schemaLocation="http://symfony.com/schema/dic/services http://symfony.com/schema/dic/services/services-1.0.xsd">

    <services>
   <service id="stomt_feedback.subscriber.route" class="StomtFeedback\Subscriber\RouteSubscriber">
            <argument>%stomt_feedback.plugin_name%</argument>
            <argument>%stomt_feedback.plugin_dir%</argument>

            <argument type="service" id="stomt_feedback.stomt_feedback" />
            <argument type="service" id="shopware.plugin.cached_config_reader" />

            <tag name="shopware.event_subscriber" />
        </service>


        <service id="stomt_feedback.stomt_feedback" class="StomtFeedback\Components\StomtFeedback" />
    </services>
</container>

